{"Arcee AI Spotlight": [0.2421875, 0.24114583333333328, 0.004761904761904762, 0.019791666666666763, 0.08335893191835796, 0.0066302506775067745, 0.012026084010840108, 0.12192246612413116, 0.0, 0.09803396044008693, 0.20833333333333337], "Arcee Virtuoso Large": [0.3067708333333333, 0.20104166666666667, 0.04642857142857143, 0.025000000000000022, 0.1430611040008765, 0.0034375, 0.0128125, 0.03076041666666667, 0.0, 0.08095238095238096, 0.23020833333333324], "Baidu Ernie 4.5 21B A3B": [0.2348958333333333, 0.19687500000000002, 0.01904761904761905, 0.0029804625199362222, -0.007880366650771665, 0.003958333333333334, 0.05883152173913043, 0.04079557914673047, 0.0, 0.09955357142857144, 0.15104166666666663], "Baidu: ERNIE 4.5 300B A47B": [0.26875, 0.265625, 0.025, 0.009375000000000022, -0.025526946387409825, 0.0169373261657335, 0.033231672575263535, 0.15857836994247462, 0.0, 0.08519526329050138, 0.19270833333333337], "Claude 3.5 Haiku": [0.240625, 0.24531250000000016, 0.0, 0.055208333333333415, -0.01694049230477604, 0.00020833333333333335, 0.02650896705665025, 0.07126319926481565, 0.0, 0.14879569707401036, 0.1875], "Claude 3.5 Sonnet 20240620": [0.278125, 0.25312499999999993, 0.023809523809523808, 0.08973214285714282, 0.003136383930783843, 0.0035416666666666665, 0.011562499999999998, 0.06508309331797235, 0.0, 0.13001400560224088, 0.23958333333333337], "Claude Sonnet 4": [0.26510416666666664, 0.234375, 0.0071428571428571435, 0.002083333333333326, 0.06255019413195664, 0.005666666666666667, 0.030811613475177302, 0.10082155660881727, 0.0, 0.1437175697865353, 0.23020833333333324], "DeepSeek R1": [0.3125, 0.17656249999999984, 0.03333333333333334, 0.01852355859863708, 0.062223000662600274, 0.013353078269875389, 0.054266522737041516, 0.06792947507272125, 0.0, 0.07691420754348251, 0.1875], "DeepSeek V3": [0.3364583333333333, 0.2281249999999999, 0.01904761904761905, 0.008390234535985974, 0.02645602164598074, 0.006354166666666667, 0.04371490351653693, 0.12307320154060174, 0.0, 0.07121192621192621, 0.19270833333333337], "Gemini 2.0 flash": [0.3302083333333333, 0.22708333333333341, 0.05833333333333333, 0.02083333333333337, 0.011719409452847808, 0.0057083333333333335, 0.03403672542735043, 0.03141693376068377, 0.0, 0.047678571428571424, 0.26041666666666663], "Gemini 2.5 Flash": [0.38125000000000003, 0.20937499999999998, 0.02619047619047619, 0.0010416666666666075, 0.09135982959316366, 0.009166666666666667, 0.031927083333333335, 0.025989583333333333, 0.0, 0.1007142857142857, 0.1875], "Gemini 2.5 Flash Lite": [0.35885416666666664, 0.25468750000000007, 0.05833333333333333, 0.006249999999999978, 0.087036239451353, 0.015155869829683699, 0.0371086146593674, 0.034232295482295484, 0.0, 0.07976190476190477, 0.24479166666666663], "Gemini 2.5 Pro": [0.5255208333333333, 0.21875, 0.10714285714285712, 0.0019005672738895418, 0.1283198563993294, 0.020309577468773512, 0.041571638302972204, 0.031854517137982756, 0.0, 0.05316947928125511, 0.25], "Gemma 3 12b": [0.340625, 0.21406249999999993, 0.03333333333333333, 0.026632104454685113, 0.09307924432950337, 0.009270833333333334, 0.055243638203797636, 0.08171000851299702, 0.0, 0.07036267995570322, 0.25], "Gemma 3 27b": [0.32135416666666666, 0.25416666666666676, 0.05952380952380952, 0.00684043778801835, 0.21149048996369535, 0.012526041666666668, 0.04578409582680296, 0.05530706685227855, 0.0, 0.0901597113204256, 0.30208333333333337], "Gpt 3.5 Turbo": [0.25833333333333336, 0.27760416666666654, 0.004761904761904762, 0.022916666666666696, 0.03630212936508134, 0.0015625000000000003, 0.01553713768115942, 0.04438896437198068, 0.0, 0.07647619047619048, 0.30208333333333337], "Gpt 4.1": [0.3458333333333334, 0.24010416666666667, 0.04047619047619048, 0.021874999999999978, 0.047811421244631225, 0.0065625, 0.03696821317022384, 0.05259424202379426, 0.0, 0.11199037829829891, 0.2885416666666667], "Gpt 4.1 mini": [0.28125, 0.2406250000000001, 0.017857142857142856, 0.0031250000000001554, -0.006276287985571411, 0.004583333333333334, 0.026831487341772153, 0.08313575191893348, 0.0, 0.11010390070921984, 0.21875], "Gpt 4o": [0.3177083333333333, 0.23072916666666676, 0.03571428571428571, 0.01041666666666663, -0.03792925667710112, 0.017295751633986927, 0.03341531284342646, 0.06691573347799085, 0.0, 0.09418904947997436, 0.1875], "Gpt 4o Mini": [0.2635416666666667, 0.27760416666666676, 0.014285714285714287, 0.044791666666666785, 0.09350953446355584, 0.0028125000000000003, 0.009166666666666668, 0.03382291666666667, 0.0, 0.058184523809523804, 0.3125], "Gpt 5": [0.16354166666666667, 0.4671875, 0.02023809523809524, 0.08020833333333321, -0.040213104357555554, 0.0007291666666666667, 0.011250000000000001, 0.03333333333333333, 0.0, 0.06452380952380952, 0.48958333333333337], "Gpt 5 Nano": [0.27760416666666665, 0.17031249999999998, 0.002380952380952381, 0.016051944971536947, 0.07313110794912672, 0.001666666666666667, 0.012291666666666668, 0.049953154227459794, 0.0, 0.12305115753987775, 0.140625], "Gpt 5 mini": [0.278125, 0.12760416666666663, 0.06190476190476191, 0.0010416666666666075, 0.05011907645353939, 0.001979166666666667, 0.015, 0.03916666666666667, 0.0, 0.10690476190476189, 0.08333333333333337], "Grok 3 Mini": [0.3963541666666666, 0.1651041666666666, 0.03095238095238096, 0.0030517481128328194, 0.10830534726708481, 0.030197169528258138, 0.040015806473853215, 0.10755034056691876, 0.0, 0.07833333333333334, 0.21875], "Grok 4": [0.45677083333333335, 0.21562499999999984, 0.11309523809523811, 0.0031249999999999334, 0.03532287763613444, 0.021666666666666667, 0.03432291666666667, 0.035104166666666665, 0.0, 0.06142857142857142, 0.25], "Hunyuan A13B Instruct": [0.2921875, 0.19843749999999993, 0.07380952380952381, 0.002083333333333326, 0.10038774175936081, 0.007989583333333335, 0.020906249999999998, 0.038229166666666675, 0.0, 0.0688095238095238, 0.203125], "Inception Mercury": [0.23958333333333334, 0.19895833333333324, 0.054761904761904755, 0.007419127988748109, 0.06478862110687143, 0.0009375, 0.009845500700280113, 0.07095498084764787, 0.0, 0.053869047619047615, 0.171875], "Kimi K2": [0.2942708333333333, 0.1942708333333334, 0.030952380952380953, 0.02083333333333337, 0.10844867051123006, 0.0015624999999999999, 0.025083333333333336, 0.026187500000000002, 0.0, 0.07003571428571427, 0.1875], "Liquid LFM 40B MoE": [0.28281249999999997, 0.2661458333333333, 0.030952380952380953, 0.035370642806611285, 0.08061510191224865, 0.0014583333333333334, 0.007177083333333333, 0.12115083956841122, 0.0, 0.1438961038961039, 0.20833333333333337], "Llama 3.1 8B Instruct": [0.19791666666666666, 0.43229166666666663, 0.02619047619047619, 0.17932818444182075, 0.036797214943378266, 0.014049531826973799, 0.006354166666666667, 0.04373554221519765, 0.3555486542443065, 0.15118768115942027, 0.45833333333333337], "Llama 3.3 70b": [0.25416666666666665, 0.3375, 0.016666666666666666, 0.0031250000000001554, 0.087438950117902, 0.0070625, 0.010197916666666666, 0.02783854166666667, 0.23952380952380953, 0.06889047619047618, 0.31770833333333337], "Llama 4 Maverick": [0.23749999999999996, 0.21510416666666676, 0.005952380952380952, 0.04375000000000007, 0.0068954039616249295, 0.0055937500000000015, 0.007083333333333333, 0.040742984693877556, 0.0, 0.06730238095238095, 0.22395833333333337], "Llama 4 Scout": [0.18333333333333335, 0.18541666666666679, 0.002380952380952381, 0.0031250000000001554, 0.1692921274064525, 0.007291666666666666, 0.010104166666666666, 0.032031250000000004, 0.0, 0.07886972789115647, 0.203125], "MAI DS R1": [0.2833333333333333, 0.16458333333333341, 0.06309523809523811, 0.002083333333333326, 0.0866884978724555, 0.005291666666666667, 0.018635416666666665, 0.07837163545680038, 0.0, 0.1079904761904762, 0.19791666666666663], "Mistral Magistral Small 2506": [0.26718749999999997, 0.3354166666666667, 0.041666666666666664, 0.043749999999999845, 0.06250167863582354, 0.0016354166666666667, 0.00934375, 0.03151041666666667, 0.0, 0.11050595238095239, 0.30208333333333337],